{   
    "flori": [
            {
                "id" : 11,
                "specie": "lalea",
                "cantitate": 10,
                "costUnitar": 2
            },
            {
                "id": 22,
                "specie": "margareta",
                "cantitate": 50,
                "costUnitar": 1
            },
            {
                "id" : 33,
                "specie": "ghiocel",
                "cantitate": 100,
                "costUnitar": 5
            },
            {
                "id" : 44,
                "specie": "narcisa",
                "cantitate": 100,
                "costUnitar": 5
            },
            {
                "id" : 55,
                "specie": "zambila",
                "cantitate": 50,
                "costUnitar": 3
            }
    ]
}